_,PS,PS_prov,PS_search,base,base_prov,base_search
1,11,0.12352
2,24,0.17127
3,39,0.20533
4,16,0.35023
5,19,0.42577
6,21,0.51854
7,25,1.22673
