_,PS,PS_prov,PS_search,base,base_prov,base_search
1,3.35002,0.00863,3.34139,0.00000,0.00000,0.00000
2,3.39407,0.01055,3.38351,0.00000,0.00000,0.00000
3,3.27349,0.00642,3.26706,0.00000,0.00000,0.00000
4,3.05902,0.00670,3.05232,0.00000,0.00000,0.00000
5,3.21192,0.00752,3.20440,0.00000,0.00000,0.00000
6,3.20332,0.00715,3.19616,0.00000,0.00000,0.00000
