_,PS,PS_prov,PS_search,base,base_prov,base_search
1,0.28901,0.00724,0.28177,0.00000,0.00000,0.00000
2,0.27437,0.00589,0.26849,0.00000,0.00000,0.00000
3,0.27906,0.00596,0.27311,0.00000,0.00000,0.00000
4,0.35023,0.00582,0.34440,0.00000,0.00000,0.00000
5,0.34624,0.00554,0.34070,0.00000,0.00000,0.00000
6,0.34608,0.00588,0.34020,0.00000,0.00000,0.00000
