_,PS,PS_prov,PS_search,base,base_prov,base_search
1,15.03732,0.00851,15.02881,0.00000,0.00000,0.00000
2,14.60207,0.00759,14.59448,0.00000,0.00000,0.00000
3,14.58395,0.00690,14.57705,0.00000,0.00000,0.00000
4,15.48859,0.00766,15.48093,0.00000,0.00000,0.00000
5,15.57612,0.00687,15.56925,0.00000,0.00000,0.00000
6,15.57892,0.00681,15.57211,0.00000,0.00000,0.00000
