_,PS,PS_prov,PS_search,base,base_prov,base_search
1,1.39125,0.00752,1.38373,0.00000,0.00000,0.00000
2,1.37044,0.00658,1.36386,0.00000,0.00000,0.00000
3,1.38216,0.00636,1.37580,0.00000,0.00000,0.00000
4,1.37977,0.00712,1.37265,0.00000,0.00000,0.00000
5,2.83815,0.00634,2.83181,0.00000,0.00000,0.00000
6,2.84606,0.00645,2.83962,0.00000,0.00000,0.00000
