income,PS,LT
0,1.32868,0.00748,1.32120,0.00000,0.00000,0.00000
1,1.18087,0.00604,1.17483,0.00000,0.00000,0.00000
2,1.19118,0.00581,1.18537,0.00000,0.00000,0.00000
3,1.20965,0.00566,1.20399,0.00000,0.00000,0.00000
4,1.27184,0.00606,1.26578,0.00000,0.00000,0.00000
5,1.34075,0.00560,1.33515,0.00000,0.00000,0.00000
6,1.44018,0.00584,1.43435,0.00000,0.00000,0.00000
7,1.32964,0.00682,1.32282,0.00000,0.00000,0.00000
