income,PS,LT
0,1.33990,0.00773,1.33217,0.00000,0.00000,0.00000
1,1.19995,0.00676,1.19319,0.00000,0.00000,0.00000
2,1.16699,0.00573,1.16126,0.00000,0.00000,0.00000
3,1.27775,0.00569,1.27206,0.00000,0.00000,0.00000
4,1.31258,0.00590,1.30668,0.00000,0.00000,0.00000
5,1.35059,0.00594,1.34465,0.00000,0.00000,0.00000
6,1.36539,0.00579,1.35960,0.00000,0.00000,0.00000
7,1.27631,0.00586,1.27045,0.00000,0.00000,0.00000
