income,PS,LT
2,10.96442,0.00772,10.95669,0.00000,0.00000,0.00000
3,10.79200,0.00762,10.78439,0.00000,0.00000,0.00000
4,14.72016,0.00729,14.71287,0.00000,0.00000,0.00000
5,16.71378,0.01477,16.69902,0.00000,0.00000,0.00000
6,16.96355,0.00700,16.95655,0.00000,0.00000,0.00000
7,17.12561,0.00699,17.11862,0.00000,0.00000,0.00000
8,17.79882,0.00712,17.79170,0.00000,0.00000,0.00000
9,18.79986,0.00699,18.79288,0.00000,0.00000,0.00000
