income,PS,LT
2,2.62961,0.00827,2.62133,0.00000,0.00000,0.00000
3,2.14636,0.00628,2.14009,0.00000,0.00000,0.00000
4,3.12163,0.00604,3.11559,0.00000,0.00000,0.00000
5,3.26839,0.00599,3.26240,0.00000,0.00000,0.00000
6,3.22416,0.00720,3.21696,0.00000,0.00000,0.00000
7,3.27786,0.00619,3.27166,0.00000,0.00000,0.00000
8,3.36188,0.00708,3.35480,0.00000,0.00000,0.00000
9,3.41486,0.00599,3.40887,0.00000,0.00000,0.00000
