income,PS,LT
1,2.74297,0.00880,2.73418,0.00000,0.00000,0.00000
2,2.74468,0.00687,2.73781,0.00000,0.00000,0.00000
3,2.22747,0.00701,2.22047,0.00000,0.00000,0.00000
4,3.25304,0.00819,3.24484,0.00000,0.00000,0.00000
5,3.43029,0.01054,3.41976,0.00000,0.00000,0.00000
6,3.52659,0.00750,3.51908,0.00000,0.00000,0.00000
7,3.51306,0.00757,3.50549,0.00000,0.00000,0.00000
8,3.56470,0.00644,3.55826,0.00000,0.00000,0.00000
