_,PS,PS_prov,PS_search,base,base_prov,base_search
1,0.05517,0.00699,0.04818,0.00000,0.00000,0.00000
2,0.06501,0.00589,0.05911,0.00000,0.00000,0.00000
3,0.06785,0.00582,0.06203,0.00000,0.00000,0.00000
4,0.06741,0.00536,0.06205,0.00000,0.00000,0.00000
5,0.11801,0.00577,0.11223,0.00000,0.00000,0.00000
6,0.12234,0.00664,0.11570,0.00000,0.00000,0.00000
