_,PS,PS_prov,PS_search,base,base_prov,base_search
1,0.08541,0.00562,0.08879,0.00000,0.00000,0.00000
2,0.08928,0.00541,0.08386,0.00000,0.00000,0.00000
3,0.08969,0.00655,0.08314,0.00000,0.00000,0.00000
4,0.09534,0.00535,0.08999,0.00000,0.00000,0.00000
5,0.11245,0.00539,0.10707,0.00000,0.00000,0.00000
6,0.11268,0.00506,0.10762,0.00000,0.00000,0.00000
