income,PS,LT
1,0.03403,0.00708,0.02695,0.00000,0.00000,0.00000
2,0.02645,0.00561,0.02084,0.00000,0.00000,0.00000
3,0.02227,0.00575,0.01652,0.00000,0.00000,0.00000
4,0.00185,0.00185,0.00000,0.00000,0.00000,0.00000
5,0.00176,0.00176,0.00000,0.00000,0.00000,0.00000
6,0.00171,0.00171,0.00000,0.00000,0.00000,0.00000
7,0.00170,0.00170,0.00000,0.00000,0.00000,0.00000
8,0.00166,0.00166,0.00000,0.00000,0.00000,0.00000
