_,PS,PS_prov,PS_search,base,base_prov,base_search
1,31.37364,0.00800,31.36564,0.00000,0.00000,0.00000
2,53.61247,0.00671,53.60575,0.00000,0.00000,0.00000
3,53.82209,0.00661,53.81548,0.00000,0.00000,0.00000
4,55.27469,0.00659,55.26810,0.00000,0.00000,0.00000
5,53.36620,0.00672,53.35948,0.00000,0.00000,0.00000
6,53.95236,0.00656,53.94580,0.00000,0.00000,0.00000
