_,PS,PS_prov,PS_search,base,base_prov,base_search
1,0.34316,0.00815,0.33502,0.00000,0.00000,0.00000
2,0.32915,0.00627,0.32288,0.00000,0.00000,0.00000
3,0.32943,0.00629,0.32314,0.00000,0.00000,0.00000
4,0.32219,0.00661,0.31559,0.00000,0.00000,0.00000
5,0.32030,0.00655,0.31376,0.00000,0.00000,0.00000
6,0.32824,0.00648,0.32175,0.00000,0.00000,0.00000
