income,PS,LT
2,51.35181,0.00997,51.34184,0.00000,0.00000,0.00000
3,53.42454,0.00785,53.41669,0.00000,0.00000,0.00000
4,53.56659,0.00744,53.55915,0.00000,0.00000,0.00000
5,53.67182,0.00770,53.66412,0.00000,0.00000,0.00000
6,54.31673,0.00749,54.30924,0.00000,0.00000,0.00000
7,54.74409,0.00741,54.73668,0.00000,0.00000,0.00000
8,55.90211,0.00733,55.89478,0.00000,0.00000,0.00000
9,56.97871,0.00780,56.97091,0.00000,0.00000,0.00000
