income,PS,LT
2,1.77640,0.00907,1.76733,0.00000,0.00000,0.00000
3,1.25494,0.00793,1.24701,0.00000,0.00000,0.00000
4,1.38002,0.00780,1.37222,0.00000,0.00000,0.00000
5,1.58290,0.00744,1.57546,0.00000,0.00000,0.00000
6,1.69381,0.00741,1.68640,0.00000,0.00000,0.00000
7,1.79125,0.00824,1.78300,0.00000,0.00000,0.00000
8,1.78353,0.00849,1.77504,0.00000,0.00000,0.00000
9,1.75857,0.00700,1.75156,0.00000,0.00000,0.00000
