income,PS,LT
2,0.11226,0.00793,0.10432,0.00000,0.00000,0.00000
3,0.04940,0.00667,0.04273,0.00000,0.00000,0.00000
4,0.00263,0.00263,0.00000,0.00000,0.00000,0.00000
5,0.00216,0.00216,0.00000,0.00000,0.00000,0.00000
6,0.00191,0.00191,0.00000,0.00000,0.00000,0.00000
7,0.00210,0.00210,0.00000,0.00000,0.00000,0.00000
8,0.00196,0.00196,0.00000,0.00000,0.00000,0.00000
9,0.00203,0.00203,0.00000,0.00000,0.00000,0.00000
