income,PS,LT
2,0.10945,0.00725,0.10219,0.00000,0.00000,0.00000
3,0.04871,0.00648,0.04223,0.00000,0.00000,0.00000
4,0.00226,0.00226,0.00000,0.00000,0.00000,0.00000
5,0.00219,0.00219,0.00000,0.00000,0.00000,0.00000
6,0.00203,0.00203,0.00000,0.00000,0.00000,0.00000
7,0.00192,0.00193,0.00000,0.00000,0.00000,0.00000
8,0.00194,0.00194,0.00000,0.00000,0.00000,0.00000
9,0.00236,0.00236,0.00000,0.00000,0.00000,0.00000
