income,PS,LT
2,0.05222,0.00649,0.04573,0.00000,0.00000,0.00000
3,0.03965,0.00500,0.03465,0.00000,0.00000,0.00000
4,0.02648,0.00532,0.02116,0.00000,0.00000,0.00000
5,0.00204,0.00204,0.00000,0.00000,0.00000,0.00000
6,0.00311,0.00311,0.00000,0.00000,0.00000,0.00000
7,0.00215,0.00215,0.00000,0.00000,0.00000,0.00000
8,0.00207,0.00207,0.00000,0.00000,0.00000,0.00000
9,0.00237,0.00237,0.00000,0.00000,0.00000,0.00000
