income,PS,LT
2,0.00400,0.00400,0.00000,0.00000,0.00000,0.00000
3,0.05440,0.00653,0.04787,0.00000,0.00000,0.00000
4,0.16529,0.00671,0.15857,0.00000,0.00000,0.00000
5,0.19507,0.00571,0.18936,0.00000,0.00000,0.00000
6,0.19573,0.00547,0.19025,0.00000,0.00000,0.00000
7,0.19468,0.00607,0.18862,0.00000,0.00000,0.00000
8,0.19283,0.00548,0.18735,0.00000,0.00000,0.00000
9,0.19176,0.00650,0.18526,0.00000,0.00000,0.00000
