income,PS,LT
2,0.00392,0.00392,0.00000,0.00000,0.00000,0.00000
3,0.05456,0.00631,0.04825,0.00000,0.00000,0.00000
4,0.17502,0.00666,0.16836,0.00000,0.00000,0.00000
5,0.19963,0.00599,0.19364,0.00000,0.00000,0.00000
6,0.19489,0.00587,0.18902,0.00000,0.00000,0.00000
7,0.19978,0.00688,0.19290,0.00000,0.00000,0.00000
8,0.19684,0.00630,0.19053,0.00000,0.00000,0.00000
9,0.19185,0.00573,0.18612,0.00000,0.00000,0.00000
