_,PS,PS_prov,PS_search,base,base_prov,base_search
1,0.02737,0.00718,0.02019,0.00000,0.00000,0.00000
2,0.02585,0.00552,0.02032,0.00000,0.00000,0.00000
3,0.02618,0.00573,0.02045,0.00000,0.00000,0.00000
4,0.02603,0.00591,0.02011,0.00000,0.00000,0.00000
5,0.02573,0.00558,0.02015,0.00000,0.00000,0.00000
6,0.02525,0.00569,0.01956,0.00000,0.00000,0.00000
