_,PS,PS_prov,PS_search,base,base_prov,base_search
1,0.06847,0.00631,0.06217,0.00000,0.00000,0.00000
2,0.06791,0.00526,0.06265,0.00000,0.00000,0.00000
3,0.06658,0.00491,0.06166,0.00000,0.00000,0.00000
4,0.06684,0.00493,0.06191,0.00000,0.00000,0.00000
5,0.06538,0.00484,0.06154,0.00000,0.00000,0.00000
6,0.07387,0.00508,0.06879,0.00000,0.00000,0.00000
