_,PS,PS_prov,PS_search,base,base_prov,base_search
1,0.03298,0.00578,0.02720,0.00000,0.00000,0.00000
2,0.03242,0.00510,0.02732,0.00000,0.00000,0.00000
3,0.03727,0.00491,0.03236,0.00000,0.00000,0.00000
4,0.05287,0.00512,0.04775,0.00000,0.00000,0.00000
5,0.05212,0.00552,0.04660,0.00000,0.00000,0.00000
6,0.05225,0.00703,0.04522,0.00000,0.00000,0.00000
