_,PS,PS_prov,PS_search,base,base_prov,base_search
1,0.07375,0.00784,0.06590,0.00000,0.00000,0.00000
2,0.07514,0.00593,0.06921,0.00000,0.00000,0.00000
3,0.07544,0.00601,0.06943,0.00000,0.00000,0.00000
4,0.07449,0.00544,0.06905,0.00000,0.00000,0.00000
5,0.07905,0.00623,0.07282,0.00000,0.00000,0.00000
6,0.08206,0.00694,0.07512,0.00000,0.00000,0.00000
