income,PS,LT
2,0.03522,0.00686,0.02836,0.00000,0.00000,0.00000
3,0.05257,0.00610,0.04647,0.00000,0.00000,0.00000
4,0.07107,0.00798,0.06309,0.00000,0.00000,0.00000
5,0.10632,0.00591,0.10041,0.00000,0.00000,0.00000
6,0.12043,0.00550,0.11493,0.00000,0.00000,0.00000
7,0.11966,0.00544,0.11422,0.00000,0.00000,0.00000
8,0.12465,0.00614,0.11851,0.00000,0.00000,0.00000
9,0.13595,0.00649,0.12945,0.00000,0.00000,0.00000
