income,PS,LT
1,0.02042,0.02042,0.00000,0.00000,0.00000,0.00000
2,0.05508,0.01894,0.03614,0.00000,0.00000,0.00000
3,0.06490,0.01672,0.04818,0.00000,0.00000,0.00000
4,0.08445,0.01934,0.06510,0.00000,0.00000,0.00000
5,0.11260,0.00774,0.10486,0.00000,0.00000,0.00000
6,0.12434,0.00553,0.11881,0.00000,0.00000,0.00000
7,0.13383,0.00647,0.12735,0.00000,0.00000,0.00000
8,0.13933,0.01275,0.12659,0.00000,0.00000,0.00000
