income,PS,LT
1,0.00270,0.00270,0.00000,0.00000,0.00000,0.00000
2,0.03682,0.00536,0.03146,0.00000,0.00000,0.00000
3,0.06429,0.00465,0.05964,0.00000,0.00000,0.00000
4,0.09987,0.00505,0.09482,0.00000,0.00000,0.00000
5,0.10202,0.00476,0.09726,0.00000,0.00000,0.00000
6,0.10270,0.00505,0.09765,0.00000,0.00000,0.00000
7,0.10166,0.00492,0.09674,0.00000,0.00000,0.00000
8,0.10128,0.00459,0.09669,0.00000,0.00000,0.00000
