income,PS,LT
2,0.03556,0.00683,0.02872,0.00000,0.00000,0.00000
3,0.05655,0.00554,0.05101,0.00000,0.00000,0.00000
4,0.07172,0.00535,0.06638,0.00000,0.00000,0.00000
5,0.11093,0.00525,0.10567,0.00000,0.00000,0.00000
6,0.12431,0.00527,0.11904,0.00000,0.00000,0.00000
7,0.12599,0.00586,0.12013,0.00000,0.00000,0.00000
8,0.13026,0.00558,0.12468,0.00000,0.00000,0.00000
9,0.12911,0.00541,0.12369,0.00000,0.00000,0.00000
