_,PS,PS_prov,PS_search,base,base_prov,base_search
1,0.05441,0.00723,0.04719,0.00000,0.00000,0.00000
2,0.05360,0.00592,0.04768,0.00000,0.00000,0.00000
3,0.06748,0.00615,0.06133,0.00000,0.00000,0.00000
4,0.06418,0.00658,0.05759,0.00000,0.00000,0.00000
5,0.11413,0.00621,0.10791,0.00000,0.00000,0.00000
6,0.11328,0.00642,0.10687,0.00000,0.00000,0.00000
