income,PS,LT
0,0.03746,0.00543,0.03203,0.00000,0.00000,0.00000
1,0.02773,0.00385,0.02388,0.00000,0.00000,0.00000
2,0.02260,0.00375,0.01885,0.00000,0.00000,0.00000
3,0.01823,0.00369,0.01454,0.00000,0.00000,0.00000
4,0.00148,0.00148,0.00000,0.00000,0.00000,0.00000
5,0.00152,0.00152,0.00000,0.00000,0.00000,0.00000
6,0.00143,0.00143,0.00000,0.00000,0.00000,0.00000
7,0.00142,0.00142,0.00000,0.00000,0.00000,0.00000
