income,PS,LT
2,0.05854,0.00749,0.05105,0.00000,0.00000,0.00000
3,0.04161,0.00617,0.03544,0.00000,0.00000,0.00000
4,0.02683,0.00609,0.02074,0.00000,0.00000,0.00000
5,0.00247,0.00247,0.00000,0.00000,0.00000,0.00000
6,0.00217,0.00217,0.00000,0.00000,0.00000,0.00000
7,0.00213,0.00213,0.00000,0.00000,0.00000,0.00000
8,0.00199,0.00199,0.00000,0.00000,0.00000,0.00000
9,0.00186,0.00186,0.00000,0.00000,0.00000,0.00000
