income,PS,LT
1,0.05874,0.00819,0.05055,0.00000,0.00000,0.00000
2,0.05470,0.00664,0.04805,0.00000,0.00000,0.00000
3,0.04242,0.00642,0.03599,0.00000,0.00000,0.00000
4,0.02614,0.00533,0.02082,0.00000,0.00000,0.00000
5,0.00298,0.00298,0.00000,0.00000,0.00000,0.00000
6,0.00278,0.00279,0.00000,0.00000,0.00000,0.00000
7,0.00247,0.00247,0.00000,0.00000,0.00000,0.00000
8,0.00210,0.00210,0.00000,0.00000,0.00000,0.00000
